Iteration,Type,Sentence,Category,Correct Response
1,simple_pos,"In the list of numbers: 06180888, 85011310, 67175093, 09549875, 79167597, 23437552, which numbers have the digit 8?",experimental,"['06180888', '85011310', '09549875']"
1,simple_neg,"In the list of numbers: 06180888, 85011310, 67175093, 09549875, 79167597, 23437552, which numbers do not have the digit 6?",experimental,"['85011310', '09549875', '23437552']"
1,simple_pos_dis,"In the list of numbers: 06180888, 85011310, 67175093, 09549875, 79167597, 23437552, which numbers have the digits 6 or 8?",experimental,"(['06180888', '85011310', '67175093', '09549875', '79167597'], ['85011310', '67175093', '09549875', '79167597'])"
1,comp_pos_dis,"In the list of numbers: 06180888, 85011310, 67175093, 09549875, 79167597, 23437552, which numbers have either the digits 6 or 8?",experimental,"(['85011310', '67175093', '09549875', '79167597'], ['06180888', '85011310', '67175093', '09549875', '79167597'])"
1,simple_neg_dis,"In the list of numbers: 06180888, 85011310, 67175093, 09549875, 79167597, 23437552, which numbers do not have the digits 6 or 8?",experimental,"(['23437552'], ['85011310', '67175093', '09549875', '79167597', '23437552'])"
1,comp_neg_dis,"In the list of numbers: 06180888, 85011310, 67175093, 09549875, 79167597, 23437552, which numbers do not have either the digits 8 or 3?",experimental,"(['85011310', '79167597'], ['79167597'])"
1,simple_neg_conj,"In the list of numbers: 06180888, 85011310, 67175093, 09549875, 79167597, 23437552, which numbers do not have the digits 8 and 3?",experimental,"(['06180888', '67175093', '09549875', '79167597', '23437552'], ['79167597'])"
1,inc_dis,"In the list of numbers: 06180888, 85011310, 67175093, 09549875, 79167597, 23437552, which numbers have the digit 8 or 3 or both?",control,"['06180888', '85011310', '67175093', '09549875', '23437552']"
1,ex_dis,"In the list of numbers: 06180888, 85011310, 67175093, 09549875, 79167597, 23437552, which numbers have the digit 3 or 6, but not both?",control,"['06180888', '85011310', '79167597', '23437552']"
1,comp_neg,"In the list of numbers: 06180888, 85011310, 67175093, 09549875, 79167597, 23437552, which numbers have neither the digit 8 nor 6?",control,['23437552']
1,simple_pos_conj,"In the list of numbers: 06180888, 85011310, 67175093, 09549875, 79167597, 23437552, which numbers have the digits 6 and 8?",control,['06180888']
1,comp_neg_conj,"In the list of numbers: 06180888, 85011310, 67175093, 09549875, 79167597, 23437552, which numbers do not have both the digits 3 and 6?",control,"(['06180888', '85011310', '09549875', '79167597', '23437552'], ['09549875'])"
2,simple_pos,"In the list of numbers: 04930587, 76513282, 41431201, 50689723, 22034754, 69777137, which numbers have the digit 1?",experimental,"['76513282', '41431201', '69777137']"
2,simple_neg,"In the list of numbers: 04930587, 76513282, 41431201, 50689723, 22034754, 69777137, which numbers do not have the digit 1?",experimental,"['04930587', '50689723', '22034754']"
2,simple_pos_dis,"In the list of numbers: 04930587, 76513282, 41431201, 50689723, 22034754, 69777137, which numbers have the digits 4 or 1?",experimental,"(['04930587', '76513282', '41431201', '22034754', '69777137'], ['04930587', '76513282', '22034754', '69777137'])"
2,comp_pos_dis,"In the list of numbers: 04930587, 76513282, 41431201, 50689723, 22034754, 69777137, which numbers have either the digits 8 or 4?",experimental,"(['76513282', '41431201', '50689723', '22034754'], ['04930587', '76513282', '41431201', '50689723', '22034754'])"
2,simple_neg_dis,"In the list of numbers: 04930587, 76513282, 41431201, 50689723, 22034754, 69777137, which numbers do not have the digits 1 or 8?",experimental,"(['22034754'], ['04930587', '41431201', '50689723', '22034754', '69777137'])"
2,comp_neg_dis,"In the list of numbers: 04930587, 76513282, 41431201, 50689723, 22034754, 69777137, which numbers do not have either the digits 1 or 4?",experimental,"(['41431201', '50689723'], ['50689723'])"
2,simple_neg_conj,"In the list of numbers: 04930587, 76513282, 41431201, 50689723, 22034754, 69777137, which numbers do not have the digits 4 and 8?",experimental,"(['76513282', '41431201', '50689723', '22034754', '69777137'], ['69777137'])"
2,inc_dis,"In the list of numbers: 04930587, 76513282, 41431201, 50689723, 22034754, 69777137, which numbers have the digit 8 or 4 or both?",control,"['04930587', '76513282', '41431201', '50689723', '22034754']"
2,ex_dis,"In the list of numbers: 04930587, 76513282, 41431201, 50689723, 22034754, 69777137, which numbers have the digit 1 or 4, but not both?",control,"['04930587', '76513282', '22034754', '69777137']"
2,comp_neg,"In the list of numbers: 04930587, 76513282, 41431201, 50689723, 22034754, 69777137, which numbers have neither the digit 1 nor 4?",control,['50689723']
2,simple_pos_conj,"In the list of numbers: 04930587, 76513282, 41431201, 50689723, 22034754, 69777137, which numbers have the digits 1 and 4?",control,['41431201']
2,comp_neg_conj,"In the list of numbers: 04930587, 76513282, 41431201, 50689723, 22034754, 69777137, which numbers do not have both the digits 4 and 8?",control,"(['76513282', '41431201', '50689723', '22034754', '69777137'], ['69777137'])"
3,simple_pos,"In the list of numbers: 96257425, 62391587, 11085848, 61315192, 22657342, 26081817, which numbers have the digit 8?",experimental,"['62391587', '11085848', '26081817']"
3,simple_neg,"In the list of numbers: 96257425, 62391587, 11085848, 61315192, 22657342, 26081817, which numbers do not have the digit 4?",experimental,"['62391587', '61315192', '26081817']"
3,simple_pos_dis,"In the list of numbers: 96257425, 62391587, 11085848, 61315192, 22657342, 26081817, which numbers have the digits 4 or 8?",experimental,"(['96257425', '62391587', '11085848', '22657342', '26081817'], ['96257425', '62391587', '22657342', '26081817'])"
3,comp_pos_dis,"In the list of numbers: 96257425, 62391587, 11085848, 61315192, 22657342, 26081817, which numbers have either the digits 4 or 8?",experimental,"(['96257425', '62391587', '22657342', '26081817'], ['96257425', '62391587', '11085848', '22657342', '26081817'])"
3,simple_neg_dis,"In the list of numbers: 96257425, 62391587, 11085848, 61315192, 22657342, 26081817, which numbers do not have the digits 8 or 4?",experimental,"(['61315192'], ['96257425', '62391587', '61315192', '22657342', '26081817'])"
3,comp_neg_dis,"In the list of numbers: 96257425, 62391587, 11085848, 61315192, 22657342, 26081817, which numbers do not have either the digits 9 or 4?",experimental,"(['96257425', '26081817'], ['26081817'])"
3,simple_neg_conj,"In the list of numbers: 96257425, 62391587, 11085848, 61315192, 22657342, 26081817, which numbers do not have the digits 8 and 9?",experimental,"(['96257425', '11085848', '61315192', '22657342', '26081817'], ['22657342'])"
3,inc_dis,"In the list of numbers: 96257425, 62391587, 11085848, 61315192, 22657342, 26081817, which numbers have the digit 9 or 8 or both?",control,"['96257425', '62391587', '11085848', '61315192', '26081817']"
3,ex_dis,"In the list of numbers: 96257425, 62391587, 11085848, 61315192, 22657342, 26081817, which numbers have the digit 4 or 8, but not both?",control,"['96257425', '62391587', '22657342', '26081817']"
3,comp_neg,"In the list of numbers: 96257425, 62391587, 11085848, 61315192, 22657342, 26081817, which numbers have neither the digit 8 nor 4?",control,['61315192']
3,simple_pos_conj,"In the list of numbers: 96257425, 62391587, 11085848, 61315192, 22657342, 26081817, which numbers have the digits 4 and 8?",control,['11085848']
3,comp_neg_conj,"In the list of numbers: 96257425, 62391587, 11085848, 61315192, 22657342, 26081817, which numbers do not have both the digits 4 and 8?",control,"(['96257425', '62391587', '61315192', '22657342', '26081817'], ['61315192'])"
4,simple_pos,"In the list of numbers: 57726843, 97522911, 86809712, 41556430, 83363738, 01293963, which numbers have the digit 8?",experimental,"['57726843', '86809712', '83363738']"
4,simple_neg,"In the list of numbers: 57726843, 97522911, 86809712, 41556430, 83363738, 01293963, which numbers do not have the digit 8?",experimental,"['97522911', '41556430', '01293963']"
4,simple_pos_dis,"In the list of numbers: 57726843, 97522911, 86809712, 41556430, 83363738, 01293963, which numbers have the digits 5 or 8?",experimental,"(['57726843', '97522911', '86809712', '41556430', '83363738'], ['97522911', '86809712', '41556430', '83363738'])"
4,comp_pos_dis,"In the list of numbers: 57726843, 97522911, 86809712, 41556430, 83363738, 01293963, which numbers have either the digits 8 or 5?",experimental,"(['97522911', '86809712', '41556430', '83363738'], ['57726843', '97522911', '86809712', '41556430', '83363738'])"
4,simple_neg_dis,"In the list of numbers: 57726843, 97522911, 86809712, 41556430, 83363738, 01293963, which numbers do not have the digits 8 or 9?",experimental,"(['41556430'], ['57726843', '97522911', '41556430', '83363738', '01293963'])"
4,comp_neg_dis,"In the list of numbers: 57726843, 97522911, 86809712, 41556430, 83363738, 01293963, which numbers do not have either the digits 8 or 9?",experimental,"(['86809712', '41556430'], ['41556430'])"
4,simple_neg_conj,"In the list of numbers: 57726843, 97522911, 86809712, 41556430, 83363738, 01293963, which numbers do not have the digits 8 and 9?",experimental,"(['57726843', '97522911', '41556430', '83363738', '01293963'], ['41556430'])"
4,inc_dis,"In the list of numbers: 57726843, 97522911, 86809712, 41556430, 83363738, 01293963, which numbers have the digit 8 or 5 or both?",control,"['57726843', '97522911', '86809712', '41556430', '83363738']"
4,ex_dis,"In the list of numbers: 57726843, 97522911, 86809712, 41556430, 83363738, 01293963, which numbers have the digit 9 or 8, but not both?",control,"['57726843', '97522911', '83363738', '01293963']"
4,comp_neg,"In the list of numbers: 57726843, 97522911, 86809712, 41556430, 83363738, 01293963, which numbers have neither the digit 5 nor 9?",control,['83363738']
4,simple_pos_conj,"In the list of numbers: 57726843, 97522911, 86809712, 41556430, 83363738, 01293963, which numbers have the digits 9 and 8?",control,['86809712']
4,comp_neg_conj,"In the list of numbers: 57726843, 97522911, 86809712, 41556430, 83363738, 01293963, which numbers do not have both the digits 8 and 9?",control,"(['57726843', '97522911', '41556430', '83363738', '01293963'], ['41556430'])"
5,simple_pos,"In the list of numbers: 24459199, 69798953, 39666478, 07977500, 48402202, 80292361, which numbers have the digit 5?",experimental,"['24459199', '69798953', '07977500']"
5,simple_neg,"In the list of numbers: 24459199, 69798953, 39666478, 07977500, 48402202, 80292361, which numbers do not have the digit 4?",experimental,"['69798953', '07977500', '80292361']"
5,simple_pos_dis,"In the list of numbers: 24459199, 69798953, 39666478, 07977500, 48402202, 80292361, which numbers have the digits 6 or 5?",experimental,"(['24459199', '69798953', '39666478', '07977500', '80292361'], ['24459199', '39666478', '07977500', '80292361'])"
5,comp_pos_dis,"In the list of numbers: 24459199, 69798953, 39666478, 07977500, 48402202, 80292361, which numbers have either the digits 6 or 4?",experimental,"(['24459199', '69798953', '48402202', '80292361'], ['24459199', '69798953', '39666478', '48402202', '80292361'])"
5,simple_neg_dis,"In the list of numbers: 24459199, 69798953, 39666478, 07977500, 48402202, 80292361, which numbers do not have the digits 6 or 4?",experimental,"(['07977500'], ['24459199', '69798953', '07977500', '48402202', '80292361'])"
5,comp_neg_dis,"In the list of numbers: 24459199, 69798953, 39666478, 07977500, 48402202, 80292361, which numbers do not have either the digits 6 or 4?",experimental,"(['39666478', '07977500'], ['07977500'])"
5,simple_neg_conj,"In the list of numbers: 24459199, 69798953, 39666478, 07977500, 48402202, 80292361, which numbers do not have the digits 4 and 5?",experimental,"(['69798953', '39666478', '07977500', '48402202', '80292361'], ['80292361'])"
5,inc_dis,"In the list of numbers: 24459199, 69798953, 39666478, 07977500, 48402202, 80292361, which numbers have the digit 5 or 6 or both?",control,"['24459199', '69798953', '39666478', '07977500', '80292361']"
5,ex_dis,"In the list of numbers: 24459199, 69798953, 39666478, 07977500, 48402202, 80292361, which numbers have the digit 4 or 5, but not both?",control,"['69798953', '39666478', '07977500', '48402202']"
5,comp_neg,"In the list of numbers: 24459199, 69798953, 39666478, 07977500, 48402202, 80292361, which numbers have neither the digit 4 nor 6?",control,['07977500']
5,simple_pos_conj,"In the list of numbers: 24459199, 69798953, 39666478, 07977500, 48402202, 80292361, which numbers have the digits 4 and 5?",control,['24459199']
5,comp_neg_conj,"In the list of numbers: 24459199, 69798953, 39666478, 07977500, 48402202, 80292361, which numbers do not have both the digits 6 and 4?",control,"(['24459199', '69798953', '07977500', '48402202', '80292361'], ['07977500'])"
6,simple_pos,"In the list of numbers: 90537024, 68661334, 91509142, 38424305, 92055264, 25416078, which numbers have the digit 9?",experimental,"['90537024', '91509142', '92055264']"
6,simple_neg,"In the list of numbers: 90537024, 68661334, 91509142, 38424305, 92055264, 25416078, which numbers do not have the digit 1?",experimental,"['90537024', '38424305', '92055264']"
6,simple_pos_dis,"In the list of numbers: 90537024, 68661334, 91509142, 38424305, 92055264, 25416078, which numbers have the digits 9 or 3?",experimental,"(['90537024', '68661334', '91509142', '38424305', '92055264'], ['68661334', '91509142', '38424305', '92055264'])"
6,comp_pos_dis,"In the list of numbers: 90537024, 68661334, 91509142, 38424305, 92055264, 25416078, which numbers have either the digits 9 or 3?",experimental,"(['68661334', '91509142', '38424305', '92055264'], ['90537024', '68661334', '91509142', '38424305', '92055264'])"
6,simple_neg_dis,"In the list of numbers: 90537024, 68661334, 91509142, 38424305, 92055264, 25416078, which numbers do not have the digits 3 or 9?",experimental,"(['25416078'], ['68661334', '91509142', '38424305', '92055264', '25416078'])"
6,comp_neg_dis,"In the list of numbers: 90537024, 68661334, 91509142, 38424305, 92055264, 25416078, which numbers do not have either the digits 9 or 3?",experimental,"(['90537024', '25416078'], ['25416078'])"
6,simple_neg_conj,"In the list of numbers: 90537024, 68661334, 91509142, 38424305, 92055264, 25416078, which numbers do not have the digits 9 and 3?",experimental,"(['68661334', '91509142', '38424305', '92055264', '25416078'], ['25416078'])"
6,inc_dis,"In the list of numbers: 90537024, 68661334, 91509142, 38424305, 92055264, 25416078, which numbers have the digit 3 or 1 or both?",control,"['90537024', '68661334', '91509142', '38424305', '25416078']"
6,ex_dis,"In the list of numbers: 90537024, 68661334, 91509142, 38424305, 92055264, 25416078, which numbers have the digit 9 or 1, but not both?",control,"['90537024', '68661334', '92055264', '25416078']"
6,comp_neg,"In the list of numbers: 90537024, 68661334, 91509142, 38424305, 92055264, 25416078, which numbers have neither the digit 3 nor 1?",control,['92055264']
6,simple_pos_conj,"In the list of numbers: 90537024, 68661334, 91509142, 38424305, 92055264, 25416078, which numbers have the digits 3 and 1?",control,['68661334']
6,comp_neg_conj,"In the list of numbers: 90537024, 68661334, 91509142, 38424305, 92055264, 25416078, which numbers do not have both the digits 9 and 1?",control,"(['90537024', '68661334', '38424305', '92055264', '25416078'], ['38424305'])"
7,simple_pos,"In the list of numbers: 27342117, 12639012, 34433608, 33365252, 84817856, 66395905, which numbers have the digit 4?",experimental,"['27342117', '34433608', '84817856']"
7,simple_neg,"In the list of numbers: 27342117, 12639012, 34433608, 33365252, 84817856, 66395905, which numbers do not have the digit 4?",experimental,"['12639012', '33365252', '66395905']"
7,simple_pos_dis,"In the list of numbers: 27342117, 12639012, 34433608, 33365252, 84817856, 66395905, which numbers have the digits 2 or 0?",experimental,"(['27342117', '12639012', '34433608', '33365252', '66395905'], ['27342117', '34433608', '33365252', '66395905'])"
7,comp_pos_dis,"In the list of numbers: 27342117, 12639012, 34433608, 33365252, 84817856, 66395905, which numbers have either the digits 0 or 2?",experimental,"(['27342117', '34433608', '33365252', '66395905'], ['27342117', '12639012', '34433608', '33365252', '66395905'])"
7,simple_neg_dis,"In the list of numbers: 27342117, 12639012, 34433608, 33365252, 84817856, 66395905, which numbers do not have the digits 2 or 4?",experimental,"(['66395905'], ['12639012', '34433608', '33365252', '84817856', '66395905'])"
7,comp_neg_dis,"In the list of numbers: 27342117, 12639012, 34433608, 33365252, 84817856, 66395905, which numbers do not have either the digits 4 or 0?",experimental,"(['34433608', '33365252'], ['33365252'])"
7,simple_neg_conj,"In the list of numbers: 27342117, 12639012, 34433608, 33365252, 84817856, 66395905, which numbers do not have the digits 2 and 0?",experimental,"(['27342117', '34433608', '33365252', '84817856', '66395905'], ['84817856'])"
7,inc_dis,"In the list of numbers: 27342117, 12639012, 34433608, 33365252, 84817856, 66395905, which numbers have the digit 2 or 4 or both?",control,"['27342117', '12639012', '34433608', '33365252', '84817856']"
7,ex_dis,"In the list of numbers: 27342117, 12639012, 34433608, 33365252, 84817856, 66395905, which numbers have the digit 2 or 0, but not both?",control,"['27342117', '34433608', '33365252', '66395905']"
7,comp_neg,"In the list of numbers: 27342117, 12639012, 34433608, 33365252, 84817856, 66395905, which numbers have neither the digit 4 nor 0?",control,['33365252']
7,simple_pos_conj,"In the list of numbers: 27342117, 12639012, 34433608, 33365252, 84817856, 66395905, which numbers have the digits 0 and 4?",control,['34433608']
7,comp_neg_conj,"In the list of numbers: 27342117, 12639012, 34433608, 33365252, 84817856, 66395905, which numbers do not have both the digits 4 and 0?",control,"(['27342117', '12639012', '33365252', '84817856', '66395905'], ['33365252'])"
8,simple_pos,"In the list of numbers: 99264077, 36654080, 26792521, 70832037, 67893342, 58372724, which numbers have the digit 5?",experimental,"['36654080', '26792521', '58372724']"
8,simple_neg,"In the list of numbers: 99264077, 36654080, 26792521, 70832037, 67893342, 58372724, which numbers do not have the digit 5?",experimental,"['99264077', '70832037', '67893342']"
8,simple_pos_dis,"In the list of numbers: 99264077, 36654080, 26792521, 70832037, 67893342, 58372724, which numbers have the digits 5 or 9?",experimental,"(['99264077', '36654080', '26792521', '67893342', '58372724'], ['99264077', '36654080', '67893342', '58372724'])"
8,comp_pos_dis,"In the list of numbers: 99264077, 36654080, 26792521, 70832037, 67893342, 58372724, which numbers have either the digits 5 or 0?",experimental,"(['99264077', '26792521', '70832037', '58372724'], ['99264077', '36654080', '26792521', '70832037', '58372724'])"
8,simple_neg_dis,"In the list of numbers: 99264077, 36654080, 26792521, 70832037, 67893342, 58372724, which numbers do not have the digits 9 or 0?",experimental,"(['58372724'], ['36654080', '26792521', '70832037', '67893342', '58372724'])"
8,comp_neg_dis,"In the list of numbers: 99264077, 36654080, 26792521, 70832037, 67893342, 58372724, which numbers do not have either the digits 5 or 9?",experimental,"(['26792521', '70832037'], ['70832037'])"
8,simple_neg_conj,"In the list of numbers: 99264077, 36654080, 26792521, 70832037, 67893342, 58372724, which numbers do not have the digits 9 and 0?",experimental,"(['36654080', '26792521', '70832037', '67893342', '58372724'], ['58372724'])"
8,inc_dis,"In the list of numbers: 99264077, 36654080, 26792521, 70832037, 67893342, 58372724, which numbers have the digit 9 or 5 or both?",control,"['99264077', '36654080', '26792521', '67893342', '58372724']"
8,ex_dis,"In the list of numbers: 99264077, 36654080, 26792521, 70832037, 67893342, 58372724, which numbers have the digit 0 or 5, but not both?",control,"['99264077', '26792521', '70832037', '58372724']"
8,comp_neg,"In the list of numbers: 99264077, 36654080, 26792521, 70832037, 67893342, 58372724, which numbers have neither the digit 5 nor 9?",control,['70832037']
8,simple_pos_conj,"In the list of numbers: 99264077, 36654080, 26792521, 70832037, 67893342, 58372724, which numbers have the digits 9 and 0?",control,['99264077']
8,comp_neg_conj,"In the list of numbers: 99264077, 36654080, 26792521, 70832037, 67893342, 58372724, which numbers do not have both the digits 0 and 9?",control,"(['36654080', '26792521', '70832037', '67893342', '58372724'], ['58372724'])"
9,simple_pos,"In the list of numbers: 47589864, 04071316, 53925528, 88748668, 00980177, 72717360, which numbers have the digit 3?",experimental,"['04071316', '53925528', '72717360']"
9,simple_neg,"In the list of numbers: 47589864, 04071316, 53925528, 88748668, 00980177, 72717360, which numbers do not have the digit 9?",experimental,"['04071316', '88748668', '72717360']"
9,simple_pos_dis,"In the list of numbers: 47589864, 04071316, 53925528, 88748668, 00980177, 72717360, which numbers have the digits 9 or 4?",experimental,"(['47589864', '04071316', '53925528', '88748668', '00980177'], ['04071316', '53925528', '88748668', '00980177'])"
9,comp_pos_dis,"In the list of numbers: 47589864, 04071316, 53925528, 88748668, 00980177, 72717360, which numbers have either the digits 3 or 9?",experimental,"(['47589864', '04071316', '00980177', '72717360'], ['47589864', '04071316', '53925528', '00980177', '72717360'])"
9,simple_neg_dis,"In the list of numbers: 47589864, 04071316, 53925528, 88748668, 00980177, 72717360, which numbers do not have the digits 4 or 3?",experimental,"(['00980177'], ['47589864', '53925528', '88748668', '00980177', '72717360'])"
9,comp_neg_dis,"In the list of numbers: 47589864, 04071316, 53925528, 88748668, 00980177, 72717360, which numbers do not have either the digits 4 or 3?",experimental,"(['04071316', '00980177'], ['00980177'])"
9,simple_neg_conj,"In the list of numbers: 47589864, 04071316, 53925528, 88748668, 00980177, 72717360, which numbers do not have the digits 9 and 3?",experimental,"(['47589864', '04071316', '88748668', '00980177', '72717360'], ['88748668'])"
9,inc_dis,"In the list of numbers: 47589864, 04071316, 53925528, 88748668, 00980177, 72717360, which numbers have the digit 4 or 9 or both?",control,"['47589864', '04071316', '53925528', '88748668', '00980177']"
9,ex_dis,"In the list of numbers: 47589864, 04071316, 53925528, 88748668, 00980177, 72717360, which numbers have the digit 4 or 9, but not both?",control,"['04071316', '53925528', '88748668', '00980177']"
9,comp_neg,"In the list of numbers: 47589864, 04071316, 53925528, 88748668, 00980177, 72717360, which numbers have neither the digit 4 nor 9?",control,['72717360']
9,simple_pos_conj,"In the list of numbers: 47589864, 04071316, 53925528, 88748668, 00980177, 72717360, which numbers have the digits 9 and 4?",control,['47589864']
9,comp_neg_conj,"In the list of numbers: 47589864, 04071316, 53925528, 88748668, 00980177, 72717360, which numbers do not have both the digits 3 and 4?",control,"(['47589864', '53925528', '88748668', '00980177', '72717360'], ['00980177'])"
10,simple_pos,"In the list of numbers: 86197075, 52238083, 96275012, 18466868, 67499105, 77162756, which numbers have the digit 8?",experimental,"['86197075', '52238083', '18466868']"
10,simple_neg,"In the list of numbers: 86197075, 52238083, 96275012, 18466868, 67499105, 77162756, which numbers do not have the digit 9?",experimental,"['52238083', '18466868', '77162756']"
10,simple_pos_dis,"In the list of numbers: 86197075, 52238083, 96275012, 18466868, 67499105, 77162756, which numbers have the digits 9 or 2?",experimental,"(['86197075', '52238083', '96275012', '67499105', '77162756'], ['86197075', '52238083', '67499105', '77162756'])"
10,comp_pos_dis,"In the list of numbers: 86197075, 52238083, 96275012, 18466868, 67499105, 77162756, which numbers have either the digits 9 or 2?",experimental,"(['86197075', '52238083', '67499105', '77162756'], ['86197075', '52238083', '96275012', '67499105', '77162756'])"
10,simple_neg_dis,"In the list of numbers: 86197075, 52238083, 96275012, 18466868, 67499105, 77162756, which numbers do not have the digits 8 or 9?",experimental,"(['77162756'], ['52238083', '96275012', '18466868', '67499105', '77162756'])"
10,comp_neg_dis,"In the list of numbers: 86197075, 52238083, 96275012, 18466868, 67499105, 77162756, which numbers do not have either the digits 2 or 9?",experimental,"(['96275012', '18466868'], ['18466868'])"
10,simple_neg_conj,"In the list of numbers: 86197075, 52238083, 96275012, 18466868, 67499105, 77162756, which numbers do not have the digits 2 and 9?",experimental,"(['86197075', '52238083', '18466868', '67499105', '77162756'], ['18466868'])"
10,inc_dis,"In the list of numbers: 86197075, 52238083, 96275012, 18466868, 67499105, 77162756, which numbers have the digit 9 or 8 or both?",control,"['86197075', '52238083', '96275012', '18466868', '67499105']"
10,ex_dis,"In the list of numbers: 86197075, 52238083, 96275012, 18466868, 67499105, 77162756, which numbers have the digit 2 or 8, but not both?",control,"['86197075', '96275012', '18466868', '77162756']"
10,comp_neg,"In the list of numbers: 86197075, 52238083, 96275012, 18466868, 67499105, 77162756, which numbers have neither the digit 2 nor 8?",control,['67499105']
10,simple_pos_conj,"In the list of numbers: 86197075, 52238083, 96275012, 18466868, 67499105, 77162756, which numbers have the digits 8 and 9?",control,['86197075']
10,comp_neg_conj,"In the list of numbers: 86197075, 52238083, 96275012, 18466868, 67499105, 77162756, which numbers do not have both the digits 9 and 2?",control,"(['86197075', '52238083', '18466868', '67499105', '77162756'], ['18466868'])"
11,simple_pos,"In the list of numbers: 62679247, 80473861, 09107208, 66537889, 42392331, 07894900, which numbers have the digit 6?",experimental,"['62679247', '80473861', '66537889']"
11,simple_neg,"In the list of numbers: 62679247, 80473861, 09107208, 66537889, 42392331, 07894900, which numbers do not have the digit 2?",experimental,"['80473861', '66537889', '07894900']"
11,simple_pos_dis,"In the list of numbers: 62679247, 80473861, 09107208, 66537889, 42392331, 07894900, which numbers have the digits 0 or 6?",experimental,"(['62679247', '80473861', '09107208', '66537889', '07894900'], ['62679247', '09107208', '66537889', '07894900'])"
11,comp_pos_dis,"In the list of numbers: 62679247, 80473861, 09107208, 66537889, 42392331, 07894900, which numbers have either the digits 0 or 6?",experimental,"(['62679247', '09107208', '66537889', '07894900'], ['62679247', '80473861', '09107208', '66537889', '07894900'])"
11,simple_neg_dis,"In the list of numbers: 62679247, 80473861, 09107208, 66537889, 42392331, 07894900, which numbers do not have the digits 2 or 0?",experimental,"(['66537889'], ['62679247', '80473861', '66537889', '42392331', '07894900'])"
11,comp_neg_dis,"In the list of numbers: 62679247, 80473861, 09107208, 66537889, 42392331, 07894900, which numbers do not have either the digits 2 or 0?",experimental,"(['09107208', '66537889'], ['66537889'])"
11,simple_neg_conj,"In the list of numbers: 62679247, 80473861, 09107208, 66537889, 42392331, 07894900, which numbers do not have the digits 2 and 6?",experimental,"(['80473861', '09107208', '66537889', '42392331', '07894900'], ['07894900'])"
11,inc_dis,"In the list of numbers: 62679247, 80473861, 09107208, 66537889, 42392331, 07894900, which numbers have the digit 0 or 6 or both?",control,"['62679247', '80473861', '09107208', '66537889', '07894900']"
11,ex_dis,"In the list of numbers: 62679247, 80473861, 09107208, 66537889, 42392331, 07894900, which numbers have the digit 0 or 6, but not both?",control,"['62679247', '09107208', '66537889', '07894900']"
11,comp_neg,"In the list of numbers: 62679247, 80473861, 09107208, 66537889, 42392331, 07894900, which numbers have neither the digit 6 nor 2?",control,['07894900']
11,simple_pos_conj,"In the list of numbers: 62679247, 80473861, 09107208, 66537889, 42392331, 07894900, which numbers have the digits 2 and 0?",control,['09107208']
11,comp_neg_conj,"In the list of numbers: 62679247, 80473861, 09107208, 66537889, 42392331, 07894900, which numbers do not have both the digits 2 and 0?",control,"(['62679247', '80473861', '66537889', '42392331', '07894900'], ['66537889'])"
12,simple_pos,"In the list of numbers: 96754524, 37012675, 00210484, 95281683, 26116477, 08103922, which numbers have the digit 4?",experimental,"['96754524', '00210484', '26116477']"
12,simple_neg,"In the list of numbers: 96754524, 37012675, 00210484, 95281683, 26116477, 08103922, which numbers do not have the digit 4?",experimental,"['37012675', '95281683', '08103922']"
12,simple_pos_dis,"In the list of numbers: 96754524, 37012675, 00210484, 95281683, 26116477, 08103922, which numbers have the digits 4 or 0?",experimental,"(['96754524', '37012675', '00210484', '26116477', '08103922'], ['96754524', '37012675', '26116477', '08103922'])"
12,comp_pos_dis,"In the list of numbers: 96754524, 37012675, 00210484, 95281683, 26116477, 08103922, which numbers have either the digits 0 or 5?",experimental,"(['96754524', '00210484', '95281683', '08103922'], ['96754524', '37012675', '00210484', '95281683', '08103922'])"
12,simple_neg_dis,"In the list of numbers: 96754524, 37012675, 00210484, 95281683, 26116477, 08103922, which numbers do not have the digits 4 or 0?",experimental,"(['95281683'], ['96754524', '37012675', '95281683', '26116477', '08103922'])"
12,comp_neg_dis,"In the list of numbers: 96754524, 37012675, 00210484, 95281683, 26116477, 08103922, which numbers do not have either the digits 4 or 5?",experimental,"(['96754524', '08103922'], ['08103922'])"
12,simple_neg_conj,"In the list of numbers: 96754524, 37012675, 00210484, 95281683, 26116477, 08103922, which numbers do not have the digits 4 and 5?",experimental,"(['37012675', '00210484', '95281683', '26116477', '08103922'], ['08103922'])"
12,inc_dis,"In the list of numbers: 96754524, 37012675, 00210484, 95281683, 26116477, 08103922, which numbers have the digit 0 or 4 or both?",control,"['96754524', '37012675', '00210484', '26116477', '08103922']"
12,ex_dis,"In the list of numbers: 96754524, 37012675, 00210484, 95281683, 26116477, 08103922, which numbers have the digit 4 or 5, but not both?",control,"['37012675', '00210484', '95281683', '26116477']"
12,comp_neg,"In the list of numbers: 96754524, 37012675, 00210484, 95281683, 26116477, 08103922, which numbers have neither the digit 0 nor 5?",control,['26116477']
12,simple_pos_conj,"In the list of numbers: 96754524, 37012675, 00210484, 95281683, 26116477, 08103922, which numbers have the digits 5 and 4?",control,['96754524']
12,comp_neg_conj,"In the list of numbers: 96754524, 37012675, 00210484, 95281683, 26116477, 08103922, which numbers do not have both the digits 5 and 4?",control,"(['37012675', '00210484', '95281683', '26116477', '08103922'], ['08103922'])"
13,simple_pos,"In the list of numbers: 03400950, 15564936, 65597507, 29545514, 80881188, 28565291, which numbers have the digit 0?",experimental,"['03400950', '65597507', '80881188']"
13,simple_neg,"In the list of numbers: 03400950, 15564936, 65597507, 29545514, 80881188, 28565291, which numbers do not have the digit 0?",experimental,"['15564936', '29545514', '28565291']"
13,simple_pos_dis,"In the list of numbers: 03400950, 15564936, 65597507, 29545514, 80881188, 28565291, which numbers have the digits 0 or 4?",experimental,"(['03400950', '15564936', '65597507', '29545514', '80881188'], ['15564936', '65597507', '29545514', '80881188'])"
13,comp_pos_dis,"In the list of numbers: 03400950, 15564936, 65597507, 29545514, 80881188, 28565291, which numbers have either the digits 4 or 6?",experimental,"(['03400950', '65597507', '29545514', '28565291'], ['03400950', '15564936', '65597507', '29545514', '28565291'])"
13,simple_neg_dis,"In the list of numbers: 03400950, 15564936, 65597507, 29545514, 80881188, 28565291, which numbers do not have the digits 4 or 6?",experimental,"(['80881188'], ['03400950', '65597507', '29545514', '80881188', '28565291'])"
13,comp_neg_dis,"In the list of numbers: 03400950, 15564936, 65597507, 29545514, 80881188, 28565291, which numbers do not have either the digits 4 or 0?",experimental,"(['03400950', '28565291'], ['28565291'])"
13,simple_neg_conj,"In the list of numbers: 03400950, 15564936, 65597507, 29545514, 80881188, 28565291, which numbers do not have the digits 6 and 4?",experimental,"(['03400950', '65597507', '29545514', '80881188', '28565291'], ['80881188'])"
13,inc_dis,"In the list of numbers: 03400950, 15564936, 65597507, 29545514, 80881188, 28565291, which numbers have the digit 0 or 4 or both?",control,"['03400950', '15564936', '65597507', '29545514', '80881188']"
13,ex_dis,"In the list of numbers: 03400950, 15564936, 65597507, 29545514, 80881188, 28565291, which numbers have the digit 4 or 6, but not both?",control,"['03400950', '65597507', '29545514', '28565291']"
13,comp_neg,"In the list of numbers: 03400950, 15564936, 65597507, 29545514, 80881188, 28565291, which numbers have neither the digit 4 nor 6?",control,['80881188']
13,simple_pos_conj,"In the list of numbers: 03400950, 15564936, 65597507, 29545514, 80881188, 28565291, which numbers have the digits 6 and 0?",control,['65597507']
13,comp_neg_conj,"In the list of numbers: 03400950, 15564936, 65597507, 29545514, 80881188, 28565291, which numbers do not have both the digits 4 and 0?",control,"(['15564936', '65597507', '29545514', '80881188', '28565291'], ['28565291'])"
14,simple_pos,"In the list of numbers: 63453520, 37142342, 17104945, 42829988, 56094908, 37585558, which numbers have the digit 0?",experimental,"['63453520', '17104945', '56094908']"
14,simple_neg,"In the list of numbers: 63453520, 37142342, 17104945, 42829988, 56094908, 37585558, which numbers do not have the digit 7?",experimental,"['63453520', '42829988', '56094908']"
14,simple_pos_dis,"In the list of numbers: 63453520, 37142342, 17104945, 42829988, 56094908, 37585558, which numbers have the digits 0 or 7?",experimental,"(['63453520', '37142342', '17104945', '56094908', '37585558'], ['63453520', '37142342', '56094908', '37585558'])"
14,comp_pos_dis,"In the list of numbers: 63453520, 37142342, 17104945, 42829988, 56094908, 37585558, which numbers have either the digits 7 or 2?",experimental,"(['63453520', '17104945', '42829988', '37585558'], ['63453520', '37142342', '17104945', '42829988', '37585558'])"
14,simple_neg_dis,"In the list of numbers: 63453520, 37142342, 17104945, 42829988, 56094908, 37585558, which numbers do not have the digits 7 or 2?",experimental,"(['56094908'], ['63453520', '17104945', '42829988', '56094908', '37585558'])"
14,comp_neg_dis,"In the list of numbers: 63453520, 37142342, 17104945, 42829988, 56094908, 37585558, which numbers do not have either the digits 2 or 0?",experimental,"(['63453520', '37585558'], ['37585558'])"
14,simple_neg_conj,"In the list of numbers: 63453520, 37142342, 17104945, 42829988, 56094908, 37585558, which numbers do not have the digits 7 and 0?",experimental,"(['63453520', '37142342', '42829988', '56094908', '37585558'], ['42829988'])"
14,inc_dis,"In the list of numbers: 63453520, 37142342, 17104945, 42829988, 56094908, 37585558, which numbers have the digit 7 or 2 or both?",control,"['63453520', '37142342', '17104945', '42829988', '37585558']"
14,ex_dis,"In the list of numbers: 63453520, 37142342, 17104945, 42829988, 56094908, 37585558, which numbers have the digit 2 or 0, but not both?",control,"['37142342', '17104945', '42829988', '56094908']"
14,comp_neg,"In the list of numbers: 63453520, 37142342, 17104945, 42829988, 56094908, 37585558, which numbers have neither the digit 7 nor 0?",control,['42829988']
14,simple_pos_conj,"In the list of numbers: 63453520, 37142342, 17104945, 42829988, 56094908, 37585558, which numbers have the digits 2 and 0?",control,['63453520']
14,comp_neg_conj,"In the list of numbers: 63453520, 37142342, 17104945, 42829988, 56094908, 37585558, which numbers do not have both the digits 0 and 2?",control,"(['37142342', '17104945', '42829988', '56094908', '37585558'], ['37585558'])"
15,simple_pos,"In the list of numbers: 92009223, 69402098, 73484369, 17294175, 11137470, 57045656, which numbers have the digit 3?",experimental,"['92009223', '73484369', '11137470']"
15,simple_neg,"In the list of numbers: 92009223, 69402098, 73484369, 17294175, 11137470, 57045656, which numbers do not have the digit 3?",experimental,"['69402098', '17294175', '57045656']"
15,simple_pos_dis,"In the list of numbers: 92009223, 69402098, 73484369, 17294175, 11137470, 57045656, which numbers have the digits 6 or 2?",experimental,"(['92009223', '69402098', '73484369', '17294175', '57045656'], ['92009223', '73484369', '17294175', '57045656'])"
15,comp_pos_dis,"In the list of numbers: 92009223, 69402098, 73484369, 17294175, 11137470, 57045656, which numbers have either the digits 6 or 3?",experimental,"(['92009223', '69402098', '11137470', '57045656'], ['92009223', '69402098', '73484369', '11137470', '57045656'])"
15,simple_neg_dis,"In the list of numbers: 92009223, 69402098, 73484369, 17294175, 11137470, 57045656, which numbers do not have the digits 6 or 3?",experimental,"(['17294175'], ['92009223', '69402098', '17294175', '11137470', '57045656'])"
15,comp_neg_dis,"In the list of numbers: 92009223, 69402098, 73484369, 17294175, 11137470, 57045656, which numbers do not have either the digits 3 or 6?",experimental,"(['73484369', '17294175'], ['17294175'])"
15,simple_neg_conj,"In the list of numbers: 92009223, 69402098, 73484369, 17294175, 11137470, 57045656, which numbers do not have the digits 2 and 3?",experimental,"(['69402098', '73484369', '17294175', '11137470', '57045656'], ['57045656'])"
15,inc_dis,"In the list of numbers: 92009223, 69402098, 73484369, 17294175, 11137470, 57045656, which numbers have the digit 6 or 3 or both?",control,"['92009223', '69402098', '73484369', '11137470', '57045656']"
15,ex_dis,"In the list of numbers: 92009223, 69402098, 73484369, 17294175, 11137470, 57045656, which numbers have the digit 6 or 2, but not both?",control,"['92009223', '73484369', '17294175', '57045656']"
15,comp_neg,"In the list of numbers: 92009223, 69402098, 73484369, 17294175, 11137470, 57045656, which numbers have neither the digit 6 nor 3?",control,['17294175']
15,simple_pos_conj,"In the list of numbers: 92009223, 69402098, 73484369, 17294175, 11137470, 57045656, which numbers have the digits 2 and 3?",control,['92009223']
15,comp_neg_conj,"In the list of numbers: 92009223, 69402098, 73484369, 17294175, 11137470, 57045656, which numbers do not have both the digits 2 and 3?",control,"(['69402098', '73484369', '17294175', '11137470', '57045656'], ['57045656'])"
16,simple_pos,"In the list of numbers: 76355178, 72556209, 68405269, 73761724, 89193629, 56401652, which numbers have the digit 0?",experimental,"['72556209', '68405269', '56401652']"
16,simple_neg,"In the list of numbers: 76355178, 72556209, 68405269, 73761724, 89193629, 56401652, which numbers do not have the digit 8?",experimental,"['72556209', '73761724', '56401652']"
16,simple_pos_dis,"In the list of numbers: 76355178, 72556209, 68405269, 73761724, 89193629, 56401652, which numbers have the digits 8 or 0?",experimental,"(['76355178', '72556209', '68405269', '89193629', '56401652'], ['76355178', '72556209', '89193629', '56401652'])"
16,comp_pos_dis,"In the list of numbers: 76355178, 72556209, 68405269, 73761724, 89193629, 56401652, which numbers have either the digits 8 or 0?",experimental,"(['76355178', '72556209', '89193629', '56401652'], ['76355178', '72556209', '68405269', '89193629', '56401652'])"
16,simple_neg_dis,"In the list of numbers: 76355178, 72556209, 68405269, 73761724, 89193629, 56401652, which numbers do not have the digits 0 or 8?",experimental,"(['73761724'], ['76355178', '72556209', '73761724', '89193629', '56401652'])"
16,comp_neg_dis,"In the list of numbers: 76355178, 72556209, 68405269, 73761724, 89193629, 56401652, which numbers do not have either the digits 8 or 7?",experimental,"(['76355178', '56401652'], ['56401652'])"
16,simple_neg_conj,"In the list of numbers: 76355178, 72556209, 68405269, 73761724, 89193629, 56401652, which numbers do not have the digits 7 and 0?",experimental,"(['76355178', '68405269', '73761724', '89193629', '56401652'], ['89193629'])"
16,inc_dis,"In the list of numbers: 76355178, 72556209, 68405269, 73761724, 89193629, 56401652, which numbers have the digit 8 or 7 or both?",control,"['76355178', '72556209', '68405269', '73761724', '89193629']"
16,ex_dis,"In the list of numbers: 76355178, 72556209, 68405269, 73761724, 89193629, 56401652, which numbers have the digit 7 or 8, but not both?",control,"['72556209', '68405269', '73761724', '89193629']"
16,comp_neg,"In the list of numbers: 76355178, 72556209, 68405269, 73761724, 89193629, 56401652, which numbers have neither the digit 0 nor 8?",control,['73761724']
16,simple_pos_conj,"In the list of numbers: 76355178, 72556209, 68405269, 73761724, 89193629, 56401652, which numbers have the digits 7 and 8?",control,['76355178']
16,comp_neg_conj,"In the list of numbers: 76355178, 72556209, 68405269, 73761724, 89193629, 56401652, which numbers do not have both the digits 0 and 7?",control,"(['76355178', '68405269', '73761724', '89193629', '56401652'], ['89193629'])"
17,simple_pos,"In the list of numbers: 01115734, 14248384, 90628093, 49995171, 16030136, 72139138, which numbers have the digit 0?",experimental,"['01115734', '90628093', '16030136']"
17,simple_neg,"In the list of numbers: 01115734, 14248384, 90628093, 49995171, 16030136, 72139138, which numbers do not have the digit 4?",experimental,"['90628093', '16030136', '72139138']"
17,simple_pos_dis,"In the list of numbers: 01115734, 14248384, 90628093, 49995171, 16030136, 72139138, which numbers have the digits 4 or 8?",experimental,"(['01115734', '14248384', '90628093', '49995171', '72139138'], ['01115734', '90628093', '49995171', '72139138'])"
17,comp_pos_dis,"In the list of numbers: 01115734, 14248384, 90628093, 49995171, 16030136, 72139138, which numbers have either the digits 0 or 8?",experimental,"(['01115734', '14248384', '16030136', '72139138'], ['01115734', '14248384', '90628093', '16030136', '72139138'])"
17,simple_neg_dis,"In the list of numbers: 01115734, 14248384, 90628093, 49995171, 16030136, 72139138, which numbers do not have the digits 8 or 4?",experimental,"(['16030136'], ['01115734', '90628093', '49995171', '16030136', '72139138'])"
17,comp_neg_dis,"In the list of numbers: 01115734, 14248384, 90628093, 49995171, 16030136, 72139138, which numbers do not have either the digits 4 or 0?",experimental,"(['01115734', '72139138'], ['72139138'])"
17,simple_neg_conj,"In the list of numbers: 01115734, 14248384, 90628093, 49995171, 16030136, 72139138, which numbers do not have the digits 8 and 0?",experimental,"(['01115734', '14248384', '49995171', '16030136', '72139138'], ['49995171'])"
17,inc_dis,"In the list of numbers: 01115734, 14248384, 90628093, 49995171, 16030136, 72139138, which numbers have the digit 0 or 4 or both?",control,"['01115734', '14248384', '90628093', '49995171', '16030136']"
17,ex_dis,"In the list of numbers: 01115734, 14248384, 90628093, 49995171, 16030136, 72139138, which numbers have the digit 8 or 0, but not both?",control,"['01115734', '14248384', '16030136', '72139138']"
17,comp_neg,"In the list of numbers: 01115734, 14248384, 90628093, 49995171, 16030136, 72139138, which numbers have neither the digit 4 nor 8?",control,['16030136']
17,simple_pos_conj,"In the list of numbers: 01115734, 14248384, 90628093, 49995171, 16030136, 72139138, which numbers have the digits 4 and 8?",control,['14248384']
17,comp_neg_conj,"In the list of numbers: 01115734, 14248384, 90628093, 49995171, 16030136, 72139138, which numbers do not have both the digits 0 and 8?",control,"(['01115734', '14248384', '49995171', '16030136', '72139138'], ['49995171'])"
18,simple_pos,"In the list of numbers: 93474509, 12740761, 98113187, 06295964, 72789535, 16827988, which numbers have the digit 0?",experimental,"['93474509', '12740761', '06295964']"
18,simple_neg,"In the list of numbers: 93474509, 12740761, 98113187, 06295964, 72789535, 16827988, which numbers do not have the digit 0?",experimental,"['98113187', '72789535', '16827988']"
18,simple_pos_dis,"In the list of numbers: 93474509, 12740761, 98113187, 06295964, 72789535, 16827988, which numbers have the digits 1 or 3?",experimental,"(['93474509', '12740761', '98113187', '72789535', '16827988'], ['93474509', '12740761', '72789535', '16827988'])"
18,comp_pos_dis,"In the list of numbers: 93474509, 12740761, 98113187, 06295964, 72789535, 16827988, which numbers have either the digits 0 or 3?",experimental,"(['12740761', '98113187', '06295964', '72789535'], ['93474509', '12740761', '98113187', '06295964', '72789535'])"
18,simple_neg_dis,"In the list of numbers: 93474509, 12740761, 98113187, 06295964, 72789535, 16827988, which numbers do not have the digits 0 or 3?",experimental,"(['16827988'], ['12740761', '98113187', '06295964', '72789535', '16827988'])"
18,comp_neg_dis,"In the list of numbers: 93474509, 12740761, 98113187, 06295964, 72789535, 16827988, which numbers do not have either the digits 1 or 0?",experimental,"(['12740761', '72789535'], ['72789535'])"
18,simple_neg_conj,"In the list of numbers: 93474509, 12740761, 98113187, 06295964, 72789535, 16827988, which numbers do not have the digits 1 and 3?",experimental,"(['93474509', '12740761', '06295964', '72789535', '16827988'], ['06295964'])"
18,inc_dis,"In the list of numbers: 93474509, 12740761, 98113187, 06295964, 72789535, 16827988, which numbers have the digit 1 or 3 or both?",control,"['93474509', '12740761', '98113187', '72789535', '16827988']"
18,ex_dis,"In the list of numbers: 93474509, 12740761, 98113187, 06295964, 72789535, 16827988, which numbers have the digit 3 or 0, but not both?",control,"['12740761', '98113187', '06295964', '72789535']"
18,comp_neg,"In the list of numbers: 93474509, 12740761, 98113187, 06295964, 72789535, 16827988, which numbers have neither the digit 1 nor 0?",control,['72789535']
18,simple_pos_conj,"In the list of numbers: 93474509, 12740761, 98113187, 06295964, 72789535, 16827988, which numbers have the digits 3 and 1?",control,['98113187']
18,comp_neg_conj,"In the list of numbers: 93474509, 12740761, 98113187, 06295964, 72789535, 16827988, which numbers do not have both the digits 1 and 0?",control,"(['93474509', '98113187', '06295964', '72789535', '16827988'], ['72789535'])"
19,simple_pos,"In the list of numbers: 50708548, 03562004, 71648790, 32125132, 78184331, 86944920, which numbers have the digit 7?",experimental,"['50708548', '71648790', '78184331']"
19,simple_neg,"In the list of numbers: 50708548, 03562004, 71648790, 32125132, 78184331, 86944920, which numbers do not have the digit 7?",experimental,"['03562004', '32125132', '86944920']"
19,simple_pos_dis,"In the list of numbers: 50708548, 03562004, 71648790, 32125132, 78184331, 86944920, which numbers have the digits 6 or 5?",experimental,"(['50708548', '03562004', '71648790', '32125132', '86944920'], ['50708548', '71648790', '32125132', '86944920'])"
19,comp_pos_dis,"In the list of numbers: 50708548, 03562004, 71648790, 32125132, 78184331, 86944920, which numbers have either the digits 7 or 5?",experimental,"(['03562004', '71648790', '32125132', '78184331'], ['50708548', '03562004', '71648790', '32125132', '78184331'])"
19,simple_neg_dis,"In the list of numbers: 50708548, 03562004, 71648790, 32125132, 78184331, 86944920, which numbers do not have the digits 7 or 6?",experimental,"(['32125132'], ['50708548', '03562004', '32125132', '78184331', '86944920'])"
19,comp_neg_dis,"In the list of numbers: 50708548, 03562004, 71648790, 32125132, 78184331, 86944920, which numbers do not have either the digits 5 or 6?",experimental,"(['03562004', '78184331'], ['78184331'])"
19,simple_neg_conj,"In the list of numbers: 50708548, 03562004, 71648790, 32125132, 78184331, 86944920, which numbers do not have the digits 5 and 6?",experimental,"(['50708548', '71648790', '32125132', '78184331', '86944920'], ['78184331'])"
19,inc_dis,"In the list of numbers: 50708548, 03562004, 71648790, 32125132, 78184331, 86944920, which numbers have the digit 7 or 6 or both?",control,"['50708548', '03562004', '71648790', '78184331', '86944920']"
19,ex_dis,"In the list of numbers: 50708548, 03562004, 71648790, 32125132, 78184331, 86944920, which numbers have the digit 5 or 6, but not both?",control,"['50708548', '71648790', '32125132', '86944920']"
19,comp_neg,"In the list of numbers: 50708548, 03562004, 71648790, 32125132, 78184331, 86944920, which numbers have neither the digit 7 nor 6?",control,['32125132']
19,simple_pos_conj,"In the list of numbers: 50708548, 03562004, 71648790, 32125132, 78184331, 86944920, which numbers have the digits 7 and 6?",control,['71648790']
19,comp_neg_conj,"In the list of numbers: 50708548, 03562004, 71648790, 32125132, 78184331, 86944920, which numbers do not have both the digits 6 and 5?",control,"(['50708548', '71648790', '32125132', '78184331', '86944920'], ['78184331'])"
20,simple_pos,"In the list of numbers: 51818522, 90007815, 27074935, 83963568, 15160231, 97067537, which numbers have the digit 2?",experimental,"['51818522', '27074935', '15160231']"
20,simple_neg,"In the list of numbers: 51818522, 90007815, 27074935, 83963568, 15160231, 97067537, which numbers do not have the digit 2?",experimental,"['90007815', '83963568', '97067537']"
20,simple_pos_dis,"In the list of numbers: 51818522, 90007815, 27074935, 83963568, 15160231, 97067537, which numbers have the digits 2 or 8?",experimental,"(['51818522', '90007815', '27074935', '83963568', '15160231'], ['90007815', '27074935', '83963568', '15160231'])"
20,comp_pos_dis,"In the list of numbers: 51818522, 90007815, 27074935, 83963568, 15160231, 97067537, which numbers have either the digits 8 or 2?",experimental,"(['90007815', '27074935', '83963568', '15160231'], ['51818522', '90007815', '27074935', '83963568', '15160231'])"
20,simple_neg_dis,"In the list of numbers: 51818522, 90007815, 27074935, 83963568, 15160231, 97067537, which numbers do not have the digits 7 or 2?",experimental,"(['83963568'], ['51818522', '90007815', '83963568', '15160231', '97067537'])"
20,comp_neg_dis,"In the list of numbers: 51818522, 90007815, 27074935, 83963568, 15160231, 97067537, which numbers do not have either the digits 7 or 8?",experimental,"(['90007815', '15160231'], ['15160231'])"
20,simple_neg_conj,"In the list of numbers: 51818522, 90007815, 27074935, 83963568, 15160231, 97067537, which numbers do not have the digits 8 and 7?",experimental,"(['51818522', '27074935', '83963568', '15160231', '97067537'], ['15160231'])"
20,inc_dis,"In the list of numbers: 51818522, 90007815, 27074935, 83963568, 15160231, 97067537, which numbers have the digit 7 or 8 or both?",control,"['51818522', '90007815', '27074935', '83963568', '97067537']"
20,ex_dis,"In the list of numbers: 51818522, 90007815, 27074935, 83963568, 15160231, 97067537, which numbers have the digit 2 or 7, but not both?",control,"['51818522', '90007815', '15160231', '97067537']"
20,comp_neg,"In the list of numbers: 51818522, 90007815, 27074935, 83963568, 15160231, 97067537, which numbers have neither the digit 2 nor 8?",control,['97067537']
20,simple_pos_conj,"In the list of numbers: 51818522, 90007815, 27074935, 83963568, 15160231, 97067537, which numbers have the digits 8 and 2?",control,['51818522']
20,comp_neg_conj,"In the list of numbers: 51818522, 90007815, 27074935, 83963568, 15160231, 97067537, which numbers do not have both the digits 7 and 8?",control,"(['51818522', '27074935', '83963568', '15160231', '97067537'], ['15160231'])"
