Prompt,Continuation,Condition,Study,Type,Original order,Response
"On a scale of 1 to 7, 1 being very unnatural and 7 being very natural, rate how natural the following sentence(s) is: John didn’t get the job. He didn’t bring his resume or a list of references. He didn’t bring either.",NOR,Experimental,created,Negation,59,5
"On a scale of 1 to 7, 1 being very unnatural and 7 being very natural, rate how natural the following sentence(s) is: Julie tried to seduce Jim at the party. And Mary did the same thing with Paul.",Contradictory,Control,original,Filler,30,6
"On a scale of 1 to 7, 1 being very unnatural and 7 being very natural, rate how natural the following sentence(s) is: Yosemite is a great hiking destination.",Contradictory,Control,created,Easy,102,7
"On a scale of 1 to 7, 1 being very unnatural and 7 being very natural, rate how natural the following sentence(s) is: Few people chose to take Calculus or Statistics. I don’t know which.",NAND,Experimental,created,Other DE,66,4
"On a scale of 1 to 7, 1 being very unnatural and 7 being very natural, rate how natural the following sentence(s) is: I drove to the store to buy some milk.",Contradictory,Control,created,Easy,111,7
"On a scale of 1 to 7, 1 being very unnatural and 7 being very natural, rate how natural the following sentence(s) is: Kate used to live without coffee or chocolate. So she used to buy a lot of lattes and chocolate chip cookies.",Contradictory,Experimental,original,Without,12,6
"On a scale of 1 to 7, 1 being very unnatural and 7 being very natural, rate how natural the following sentence(s) is: If I remember correctly, John doesn’t drink orange juice or apple juice. So he loves all types of fruit juice.",Contradictory,Experimental,created,Negation,53,6
"On a scale of 1 to 7, 1 being very unnatural and 7 being very natural, rate how natural the following sentence(s) is: The tea in the kettle was very hot.",Contradictory,Control,created,Easy,94,6
"On a scale of 1 to 7, 1 being very unnatural and 7 being very natural, rate how natural the following sentence(s) is: The property tax raise affected many families in the area. Luckily no families were affected.",Contradictory,Control,created,Filler,88,3
"On a scale of 1 to 7, 1 being very unnatural and 7 being very natural, rate how natural the following sentence(s) is: Amy has three jobs. I don't know how she does it.",Contradictory,Control,created,Filler,87,5
"On a scale of 1 to 7, 1 being very unnatural and 7 being very natural, rate how natural the following sentence(s) is: If I remember correctly, the war started three years ago. A year earlier, the United Nations tried to put an end to it.",Contradictory,Control,original,Filler,49,6
"On a scale of 1 to 7, 1 being very unnatural and 7 being very natural, rate how natural the following sentence(s) is: Mary didn’t let us know her decision yet. She will have done that already.",Contradictory,Control,original,Filler,43,3
"On a scale of 1 to 7, 1 being very unnatural and 7 being very natural, rate how natural the following sentence(s) is: Mary always brags about her famous cherry pie recipe. She's very proud of it.",Contradictory,Control,created,Filler,72,6
"On a scale of 1 to 7, 1 being very unnatural and 7 being very natural, rate how natural the following sentence(s) is: Few people are able to recite the national anthem or the pledge of allegiance. I don’t remember which.",NAND,Experimental,created,Other DE,67,4
"On a scale of 1 to 7, 1 being very unnatural and 7 being very natural, rate how natural the following sentence(s) is: My sister told me to walk the dog.",Contradictory,Control,created,Easy,106,6
"On a scale of 1 to 7, 1 being very unnatural and 7 being very natural, rate how natural the following sentence(s) is: Running into my classmates at the mall is very common.",Contradictory,Control,created,Easy,98,5
"On a scale of 1 to 7, 1 being very unnatural and 7 being very natural, rate how natural the following sentence(s) is: Jim hasn't been to the movie theater in years. He hates the smell of popcorn.",Contradictory,Control,created,Filler,81,6
"On a scale of 1 to 7, 1 being very unnatural and 7 being very natural, rate how natural the following sentence(s) is: The trash is overflowing in my apartment.",Contradictory,Control,created,Easy,103,5
"On a scale of 1 to 7, 1 being very unnatural and 7 being very natural, rate how natural the following sentence(s) is: If I remember correctly, Mary doesn’t play softball or soccer. So she plays both for her school team.",Contradictory,Experimental,created,Negation,54,3
"On a scale of 1 to 7, 1 being very unnatural and 7 being very natural, rate how natural the following sentence(s) is: I will always remember to submit my homework on time. There must be a shrimp in my soup.",Contradictory,Control,created,Filler,91,6
"On a scale of 1 to 7, 1 being very unnatural and 7 being very natural, rate how natural the following sentence(s) is: Mary was upset about failing the test, even if I find it really expensive. ",Contradictory,Control,created,Filler,89,4
"On a scale of 1 to 7, 1 being very unnatural and 7 being very natural, rate how natural the following sentence(s) is: I spent all night cramming for my test today. I'll definitely forget all the information I just learned by tomorrow.",Contradictory,Control,created,Filler,78,4
"On a scale of 1 to 7, 1 being very unnatural and 7 being very natural, rate how natural the following sentence(s) is: Mary rarely speaks German or French. So she often switches between both.",Contradictory,Experimental,created,Other DE,71,6
"On a scale of 1 to 7, 1 being very unnatural and 7 being very natural, rate how natural the following sentence(s) is: Jim is almost always on time. He says he sets three alarm clocks to wake him up in the morning.",Contradictory,Control,created,Filler,77,5
"On a scale of 1 to 7, 1 being very unnatural and 7 being very natural, rate how natural the following sentence(s) is: My mom doesn't like the sound of loud chewing.",Contradictory,Control,created,Easy,93,5
"On a scale of 1 to 7, 1 being very unnatural and 7 being very natural, rate how natural the following sentence(s) is: Jamie doesn’t like trees or flowers. So she's a huge nature buff.",Contradictory,Experimental,created,Negation,56,2
"On a scale of 1 to 7, 1 being very unnatural and 7 being very natural, rate how natural the following sentence(s) is: Some of the students speak English well, but not all of them.",Contradictory,Control,original,Filler,19,6
"On a scale of 1 to 7, 1 being very unnatural and 7 being very natural, rate how natural the following sentence(s) is: Right now, I know the content of the talk I just gave very well, but in a year I will be incapable of remembering anything at all.",Contradictory,Control,original,Filler,32,5
"On a scale of 1 to 7, 1 being very unnatural and 7 being very natural, rate how natural the following sentence(s) is: Amy hates cilantro. She says it tastes like soap to her.",Contradictory,Control,created,Filler,80,6
"On a scale of 1 to 7, 1 being very unnatural and 7 being very natural, rate how natural the following sentence(s) is: John made it through all of college without buying coffee or bread. I forget which.",NAND,Experimental,created,Without,64,4
"On a scale of 1 to 7, 1 being very unnatural and 7 being very natural, rate how natural the following sentence(s) is: I was late to work today. The traffic this morning was much worse than usual.",Contradictory,Control,created,Filler,76,5
"On a scale of 1 to 7, 1 being very unnatural and 7 being very natural, rate how natural the following sentence(s) is: It’s cold in this house. I bet you, John didn’t close the window or the back door.  Look, just as I said, both of them are wide open!",NOR,Experimental,original,Negation,2,4
"On a scale of 1 to 7, 1 being very unnatural and 7 being very natural, rate how natural the following sentence(s) is: Mary failed the Spanish test. She didn’t study the vocabulary words or the grammar. I don’t know which.",NAND,Experimental,created,Negation,58,3
"On a scale of 1 to 7, 1 being very unnatural and 7 being very natural, rate how natural the following sentence(s) is: When he was little, John would rarely sleep with his mother or his father. I don’t remember which.",NAND,Experimental,original,Other DE,17,4
"On a scale of 1 to 7, 1 being very unnatural and 7 being very natural, rate how natural the following sentence(s) is: Sometimes it snows heavily during the winter.",Contradictory,Control,created,Easy,97,7
"On a scale of 1 to 7, 1 being very unnatural and 7 being very natural, rate how natural the following sentence(s) is: The mansion was very big.",Contradictory,Control,created,Easy,92,5
"On a scale of 1 to 7, 1 being very unnatural and 7 being very natural, rate how natural the following sentence(s) is: If I remember correctly, Mary didn’t invite John or Suzi to her birthday party. I don’t know which of them.",NAND,Experimental,original,Negation,3,6
"On a scale of 1 to 7, 1 being very unnatural and 7 being very natural, rate how natural the following sentence(s) is: She said that a biography of one of the US presidents will be out this year, but I can’t remember any of it.",Contradictory,Control,original,Filler,50,5
"On a scale of 1 to 7, 1 being very unnatural and 7 being very natural, rate how natural the following sentence(s) is: Winter is Mary's favorite season. She loves the snow.",Contradictory,Control,created,Filler,79,6
"On a scale of 1 to 7, 1 being very unnatural and 7 being very natural, rate how natural the following sentence(s) is: I wonder why John didn’t stay until the end of the meeting yesterday. As far as I know, he had to leave early because he had to pick up his kid from the airport.",Contradictory,Control,original,Filler,34,7
"On a scale of 1 to 7, 1 being very unnatural and 7 being very natural, rate how natural the following sentence(s) is: Amy came back from the mall without buying a sweater or perfume I'm not sure which.",NAND,Experimental,created,Without,65,4
"On a scale of 1 to 7, 1 being very unnatural and 7 being very natural, rate how natural the following sentence(s) is: My grandmother made these cookies without rum or cinnamon. Instead of those ingredients she added homemade brandy.",NOR,Experimental,original,Without,9,7
"On a scale of 1 to 7, 1 being very unnatural and 7 being very natural, rate how natural the following sentence(s) is: Mary didn’t like the restaurant we went to last night. She thought it was too expensive.",Contradictory,Control,original,Filler,24,5
"On a scale of 1 to 7, 1 being very unnatural and 7 being very natural, rate how natural the following sentence(s) is: Friendship is very important to me.",Contradictory,Control,created,Easy,109,6
"On a scale of 1 to 7, 1 being very unnatural and 7 being very natural, rate how natural the following sentence(s) is: Paul can’t stand his colleagues, but I don’t know why.",Contradictory,Control,original,Filler,25,6
"On a scale of 1 to 7, 1 being very unnatural and 7 being very natural, rate how natural the following sentence(s) is: They shut down some museums after the attacks. But I don’t know which ones.",Contradictory,Control,original,Filler,21,5
"On a scale of 1 to 7, 1 being very unnatural and 7 being very natural, rate how natural the following sentence(s) is: China doesn’t trust the Korean dictator, but they trust President Trump even more.",Contradictory,Control,original,Filler,52,5
"On a scale of 1 to 7, 1 being very unnatural and 7 being very natural, rate how natural the following sentence(s) is: Driving to work during rush hour is hard.",Contradictory,Control,created,Easy,104,4
"On a scale of 1 to 7, 1 being very unnatural and 7 being very natural, rate how natural the following sentence(s) is: The school bus always comes on time.",Contradictory,Control,created,Easy,108,6
"On a scale of 1 to 7, 1 being very unnatural and 7 being very natural, rate how natural the following sentence(s) is: Mary was very happy this morning. She gave a good talk at the conference on Monday.",Contradictory,Control,original,Filler,28,7
"On a scale of 1 to 7, 1 being very unnatural and 7 being very natural, rate how natural the following sentence(s) is: It seems John has lived here for years without medical or house insurance. I don’t remember which one.",NAND,Experimental,original,Without,8,6
"On a scale of 1 to 7, 1 being very unnatural and 7 being very natural, rate how natural the following sentence(s) is: I didn’t know the neighbors before moving here, even if I find it really generous.",Contradictory,Control,original,Filler,45,6
"On a scale of 1 to 7, 1 being very unnatural and 7 being very natural, rate how natural the following sentence(s) is: Some solutions were discussed during the meeting, but I could remember which one was retained.",Contradictory,Control,original,Filler,39,4
"On a scale of 1 to 7, 1 being very unnatural and 7 being very natural, rate how natural the following sentence(s) is: The smoke alarm went off. I bet John didn’t open the window or the door. So, look, he opened them both.",Contradictory,Experimental,created,Negation,57,4
"On a scale of 1 to 7, 1 being very unnatural and 7 being very natural, rate how natural the following sentence(s) is: What is your impression after meeting our two new PhD students, Lina and Leo, today? Lina seems very motivated and with a strong background in syntax, but Leo, I cannot really tell.",Contradictory,Control,original,Filler,35,6
"On a scale of 1 to 7, 1 being very unnatural and 7 being very natural, rate how natural the following sentence(s) is: John invited Mary to a barbecue restaurant yesterday. She declined because she's vegetarian.",Contradictory,Control,created,Filler,75,6
"On a scale of 1 to 7, 1 being very unnatural and 7 being very natural, rate how natural the following sentence(s) is: Two of the suspects were caught yesterday, but no names have been released yet.",Contradictory,Control,original,Filler,20,7
"On a scale of 1 to 7, 1 being very unnatural and 7 being very natural, rate how natural the following sentence(s) is: The train didn’t get here on time, but nobody told us why.",Contradictory,Control,original,Filler,27,6
"On a scale of 1 to 7, 1 being very unnatural and 7 being very natural, rate how natural the following sentence(s) is: Mary doesn’t like cats or dogs. She had traumatizing experiences with both.",NOR,Experimental,original,Negation,6,5
"On a scale of 1 to 7, 1 being very unnatural and 7 being very natural, rate how natural the following sentence(s) is: One of my teachers hates me, but I will not remember which.",Contradictory,Control,created,Filler,90,5
"On a scale of 1 to 7, 1 being very unnatural and 7 being very natural, rate how natural the following sentence(s) is: The earthquake affected some buildings in our area. Luckily no building was affected.",Contradictory,Control,original,Filler,38,6
"On a scale of 1 to 7, 1 being very unnatural and 7 being very natural, rate how natural the following sentence(s) is: John is annoyed. Mary showed up to his birthday party without a present or a card. She forgot them both at home.",NOR,Experimental,created,Without,60,5
"On a scale of 1 to 7, 1 being very unnatural and 7 being very natural, rate how natural the following sentence(s) is: Mary prefers Jesse to deliver their speech. And John prefers Michael’s.",Contradictory,Control,original,Filler,51,4
"On a scale of 1 to 7, 1 being very unnatural and 7 being very natural, rate how natural the following sentence(s) is: Mary doubts that Paul read The Brothers Karamazov or Anna Karenina. So she knows he's read all the classics of Russian literature.",Contradictory,Experimental,original,Other DE,16,4
"On a scale of 1 to 7, 1 being very unnatural and 7 being very natural, rate how natural the following sentence(s) is: Dan was upset with his grade. I shouldn’t have been the problem.",Contradictory,Control,original,Filler,44,5
"On a scale of 1 to 7, 1 being very unnatural and 7 being very natural, rate how natural the following sentence(s) is: Jim said he wants to eat less junk food. I guess that's why he came back from the grocery store without cake or soda. So I saw cake, soda, and chocolate in the grocery bags he brought home.",Contradictory,Experimental,created,Without,63,4
"On a scale of 1 to 7, 1 being very unnatural and 7 being very natural, rate how natural the following sentence(s) is: I don’t understand what really happened. It seems that the girl pushed Bill again. And so will be John.",Contradictory,Control,original,Filler,46,5
"On a scale of 1 to 7, 1 being very unnatural and 7 being very natural, rate how natural the following sentence(s) is: My grandparents have a hard time understanding me. English is not their first language.",Contradictory,Control,created,Filler,83,6
"On a scale of 1 to 7, 1 being very unnatural and 7 being very natural, rate how natural the following sentence(s) is: John is upset. Clearly, he didn’t pass the semantics or the syntax exam.  So he got an A on both tests.",Contradictory,Experimental,original,Negation,4,2
"On a scale of 1 to 7, 1 being very unnatural and 7 being very natural, rate how natural the following sentence(s) is: Some countries have very strict politics against immigration. This situation is not going to change anytime soon.",Contradictory,Control,original,Filler,23,5
"On a scale of 1 to 7, 1 being very unnatural and 7 being very natural, rate how natural the following sentence(s) is: Jane is worried. She got to the airport without her passport or her credit card. She forgot all her personal stuff in the cab to the airport!",NOR,Experimental,original,Without,7,5
"On a scale of 1 to 7, 1 being very unnatural and 7 being very natural, rate how natural the following sentence(s) is: My aunt was very happy this morning. She was excited to see her friend after a long time.",Contradictory,Control,created,Filler,73,6
"On a scale of 1 to 7, 1 being very unnatural and 7 being very natural, rate how natural the following sentence(s) is: They haven't had another event at this school after the bomb threats last year.",Contradictory,Control,created,Filler,82,6
"On a scale of 1 to 7, 1 being very unnatural and 7 being very natural, rate how natural the following sentence(s) is: Peter told me he needed to travel light. To judge by the small size of his bag, he was travelling without his computer or his movie camera.  I wonder which of the two he decided to give up.",NAND,Experimental,original,Without,11,5
"On a scale of 1 to 7, 1 being very unnatural and 7 being very natural, rate how natural the following sentence(s) is: The trees are very green this time of year.",Contradictory,Control,created,Easy,105,7
"On a scale of 1 to 7, 1 being very unnatural and 7 being very natural, rate how natural the following sentence(s) is: Mary is sad. She left the restaurant without a sandwich or a cake. So she spent ten dollars on the sandwich and the cake.",Contradictory,Experimental,created,Without,61,3
"On a scale of 1 to 7, 1 being very unnatural and 7 being very natural, rate how natural the following sentence(s) is: The baseball cap helps keep the sun off my face.",Contradictory,Control,created,Easy,110,7
"On a scale of 1 to 7, 1 being very unnatural and 7 being very natural, rate how natural the following sentence(s) is: The books on the shelf are very old.",Contradictory,Control,created,Easy,107,7
"On a scale of 1 to 7, 1 being very unnatural and 7 being very natural, rate how natural the following sentence(s) is: If I understood correctly, John was scolded by his father yesterday. Today his mother tried to put an end to it.",Contradictory,Control,original,Filler,47,6
"On a scale of 1 to 7, 1 being very unnatural and 7 being very natural, rate how natural the following sentence(s) is: When we ate at the seafood restaurant, my brother's face puffed up and turned red. That's how we found out he has a seafood allergy.",Contradictory,Control,created,Filler,85,6
"On a scale of 1 to 7, 1 being very unnatural and 7 being very natural, rate how natural the following sentence(s) is: The soccer game was very exciting.",Contradictory,Control,created,Easy,101,6
"On a scale of 1 to 7, 1 being very unnatural and 7 being very natural, rate how natural the following sentence(s) is: John doubts Mary knows Spanish or French. So he has heard her speaking both.",Contradictory,Experimental,created,Other DE,69,5
"On a scale of 1 to 7, 1 being very unnatural and 7 being very natural, rate how natural the following sentence(s) is: Jim was upset with me yesterday. He thought I ate his cake, but I didn't.",Contradictory,Control,created,Filler,74,5
"On a scale of 1 to 7, 1 being very unnatural and 7 being very natural, rate how natural the following sentence(s) is: John rarely visits his sister or his mother. So he spends as much time as possible with both.",Contradictory,Experimental,original,Other DE,18,4
"On a scale of 1 to 7, 1 being very unnatural and 7 being very natural, rate how natural the following sentence(s) is: Sue recommended two books to read during holidays, but I looked for them in libraries.",Contradictory,Control,original,Filler,36,5
"On a scale of 1 to 7, 1 being very unnatural and 7 being very natural, rate how natural the following sentence(s) is: Mary doubts that John watched Mission Impossible or James Bond. She thinks he wouldn’t watch any action movies.",NOR,Experimental,created,Other DE,68,6
"On a scale of 1 to 7, 1 being very unnatural and 7 being very natural, rate how natural the following sentence(s) is: I bring my phone with me everywhere I go.",Contradictory,Control,created,Easy,99,6
"On a scale of 1 to 7, 1 being very unnatural and 7 being very natural, rate how natural the following sentence(s) is: John doubts that Sue played football or tennis. He thinks she never did any ball sports.",NOR,Experimental,original,Other DE,15,6
"On a scale of 1 to 7, 1 being very unnatural and 7 being very natural, rate how natural the following sentence(s) is: There were some countries targeted for the attack, but I will not remember which.",Contradictory,Control,original,Filler,37,5
"On a scale of 1 to 7, 1 being very unnatural and 7 being very natural, rate how natural the following sentence(s) is: Mary ordered oysters at the official dinner last night, but John could never have done that; he hates oysters.",Contradictory,Control,original,Filler,31,6
"On a scale of 1 to 7, 1 being very unnatural and 7 being very natural, rate how natural the following sentence(s) is: I wonder how Jane manages to look so young at 62. I guess she must have a healthy diet.",Contradictory,Control,original,Filler,33,6
"On a scale of 1 to 7, 1 being very unnatural and 7 being very natural, rate how natural the following sentence(s) is: John rarely goes to the grocery story or the post office. He doesn’t really leave his house.",NOR,Experimental,created,Other DE,70,6
"On a scale of 1 to 7, 1 being very unnatural and 7 being very natural, rate how natural the following sentence(s) is: The teacher assigned homework for the week.",Contradictory,Control,created,Easy,96,5
"On a scale of 1 to 7, 1 being very unnatural and 7 being very natural, rate how natural the following sentence(s) is: John didn’t go on holidays this year. I can’t remember where.",Contradictory,Control,original,Filler,42,5
"On a scale of 1 to 7, 1 being very unnatural and 7 being very natural, rate how natural the following sentence(s) is: A group of children played on the playground.",Contradictory,Control,created,Easy,95,6
"On a scale of 1 to 7, 1 being very unnatural and 7 being very natural, rate how natural the following sentence(s) is: I remember there was a family conflict. Mary didn’t speak with her mother or her sister. So she talked to them both yesterday.",Contradictory,Experimental,original,Negation,5,6
"On a scale of 1 to 7, 1 being very unnatural and 7 being very natural, rate how natural the following sentence(s) is: If I remember correctly, Annie doesn’t like chocolate or pie. I don’t know which.",NAND,Experimental,created,Negation,55,5
"On a scale of 1 to 7, 1 being very unnatural and 7 being very natural, rate how natural the following sentence(s) is: I love going to the gym. I'm there almost every day.",Contradictory,Control,created,Filler,84,6
"On a scale of 1 to 7, 1 being very unnatural and 7 being very natural, rate how natural the following sentence(s) is: Weddings are a very lovely time.",Contradictory,Control,created,Easy,100,6
"On a scale of 1 to 7, 1 being very unnatural and 7 being very natural, rate how natural the following sentence(s) is: John's son is a very picky eater. The only thing he'll willingly eat is mac and cheese.",Contradictory,Control,created,Filler,86,5
"On a scale of 1 to 7, 1 being very unnatural and 7 being very natural, rate how natural the following sentence(s) is: The results of the election are not out yet, but I don't remember who won.",Contradictory,Control,original,Filler,41,4
"On a scale of 1 to 7, 1 being very unnatural and 7 being very natural, rate how natural the following sentence(s) is: If I remember correctly, John doesn’t drink wine or beer.  So he drinks both.",Contradictory,Experimental,original,Negation,1,3
"On a scale of 1 to 7, 1 being very unnatural and 7 being very natural, rate how natural the following sentence(s) is: I really liked the concert. The cellist should be playing brilliantly.",Contradictory,Control,original,Filler,40,5
"On a scale of 1 to 7, 1 being very unnatural and 7 being very natural, rate how natural the following sentence(s) is: Two theses from our department participated in the Best Doctoral Dissertation Award Competition, but neither of them won.",Contradictory,Control,original,Filler,29,5
"On a scale of 1 to 7, 1 being very unnatural and 7 being very natural, rate how natural the following sentence(s) is: John went on holiday without his mother or his father. I don’t remember which.",NAND,Experimental,original,Without,10,6
"On a scale of 1 to 7, 1 being very unnatural and 7 being very natural, rate how natural the following sentence(s) is: John saw two performances by this artist. He thinks he is the best opera singer he ever listened to.",Contradictory,Control,original,Filler,22,6
"On a scale of 1 to 7, 1 being very unnatural and 7 being very natural, rate how natural the following sentence(s) is: Jamie is happy. She left being pulled over without a ticket for speeding or a ticket for a broken tail light. She’s happy she doesn’t have any tickets to pay.",NOR,Experimental,created,Without,62,5
"On a scale of 1 to 7, 1 being very unnatural and 7 being very natural, rate how natural the following sentence(s) is: The lunch break at school is very short. The kids rarely finish their lunch.",Contradictory,Control,original,Filler,26,6
"On a scale of 1 to 7, 1 being very unnatural and 7 being very natural, rate how natural the following sentence(s) is: Apparently, few people are able to recite back a sequence of twelve letters or twelve numbers. I don’t remember which.",NAND,Experimental,original,Other DE,14,4
"On a scale of 1 to 7, 1 being very unnatural and 7 being very natural, rate how natural the following sentence(s) is: Few people took the appetizer or the dessert. The main dish was already expensive.",NOR,Experimental,original,Other DE,13,6
"On a scale of 1 to 7, 1 being very unnatural and 7 being very natural, rate how natural the following sentence(s) is: The customer praised only the dessert. The happy customer praised the appetizer.",Contradictory,Control,original,Filler,48,6
